{"cameraMode":{"drawMode":0,"name":"Shaded","section":"Shading Mode"},"sceneLighting":true,"audioPlay":false,"sceneViewState":{"m_AlwaysRefresh":false,"showFog":true,"showSkybox":true,"showFlares":true,"showImageEffects":true,"showParticleSystems":true,"showVisualEffectGraphs":true,"m_FxEnabled":true},"in2DMode":false,"pivot":{"x":3.087535858154297,"y":0.6740924119949341,"z":-5.125102519989014},"rotation":{"x":-0.01582348346710205,"y":0.9791936874389648,"z":-0.08423119783401489,"w":-0.18395556509494782},"size":1.9093148708343506,"orthographic":false}